{
  "preset_info": {
    "version": 10,
    "title": "My lock",
    "description": "lines lite",
    "author": "Edwin macalopu",
    "email": "khiwendz@gmail.com",
    "archive": "kfile://org.kustom.sdcard.000/lockscreens/My_lock.klck",
    "width": 360,
    "height": 760,
    "xscreens": 2,
    "yscreens": 2,
    "features": "NOTIFICATIONS",
    "release": 343929719,
    "locked": false,
    "pflags": 0
  },
  "preset_root": {
    "internal_type": "RootLayerModule",
    "background_color": "#FF000000",
    "internal_events": [
      {
        "type": "SCROLL_END",
        "action": "KUSTOM_ACTION",
        "scroll_dir": "TOP",
        "kustom_action": "UNLOCK"
      }
    ],
    "viewgroup_items": [
      {
        "config_margin": 0.0,
        "config_stacking": "VERTICAL_CENTER",
        "internal_animations": [
          {
            "action": "FADE",
            "rule": "FROM_CENTER",
            "speed": 300.0,
            "type": "SCROLL_Y"
          },
          {
            "action": "FADE",
            "filter": "BRIGHTEN",
            "rule": "UP_TO_CENTER",
            "type": "SCROLL_Y",
            "speed": 300
          },
          {
            "action": "SCALE_INVERTED",
            "anchor": "MODULE_BOTTOM",
            "rule": "UP_TO_CENTER",
            "speed": 5.0,
            "type": "SCROLL_Y"
          }
        ],
        "internal_title": "Unlock Icons",
        "internal_type": "StackLayerModule",
        "position_anchor": "BOTTOM",
        "position_offset_x": 0.0,
        "position_offset_y": 40.0,
        "viewgroup_items": [
          {
            "icon_icon": "chevron-up",
            "icon_size": 40.0,
            "internal_type": "FontIconModule",
            "paint_color": "#DFFFFFFF",
            "paint_stroke": 3.0,
            "position_padding_left": 0.0,
            "position_padding_right": 0.0,
            "icon_set": "kfile://org.kustom.provider/icons/Lineicons.ttf"
          },
          {
            "internal_type": "OverlapLayerModule",
            "viewgroup_items": [
              {
                "internal_type": "ShapeModule",
                "shape_type": "CIRCLE",
                "shape_width": 60.0,
                "paint_color": "#FFFE7272"
              },
              {
                "icon_icon": "lock",
                "icon_size": 35.0,
                "internal_type": "FontIconModule",
                "icon_set": "kfile://org.kustom.provider/icons/Lineicons.ttf",
                "paint_color": "#FFFD2727"
              }
            ]
          }
        ]
      },
      {
        "internal_type": "OverlapLayerModule",
        "viewgroup_items": [
          {
            "internal_type": "StackLayerModule",
            "config_stacking": "VERTICAL_CENTER",
            "config_margin": 40.0,
            "viewgroup_items": [
              {
                "internal_type": "OverlapLayerModule",
                "viewgroup_items": [
                  {
                    "internal_type": "StackLayerModule",
                    "config_stacking": "VERTICAL_CENTER",
                    "config_margin": 20.0,
                    "viewgroup_items": [
                      {
                        "internal_type": "OverlapLayerModule",
                        "viewgroup_items": [
                          {
                            "internal_type": "TextModule",
                            "text_expression": "$tc(cut, df(EEEE), 4)$",
                            "text_size": 100.0,
                            "text_family": "kfile://org.kustom.provider/fonts/AG.ttf",
                            "paint_color": "#C0FFFFFF"
                          }
                        ]
                      },
                      {
                        "internal_type": "OverlapLayerModule",
                        "viewgroup_items": [
                          {
                            "internal_type": "TextModule",
                            "text_size": 25.0,
                            "text_family": "kfile://org.kustom.provider/fonts/Product Sans Bold.ttf",
                            "paint_color": "#FFFB0404",
                            "text_expression": "$df(hh:mm)$"
                          }
                        ]
                      }
                    ]
                  }
                ]
              },
              {
                "internal_type": "OverlapLayerModule",
                "internal_toggles": {
                  "config_visible": 10
                },
                "internal_formulas": {
                  "config_visible": "$if(ni(pcount, com.whatsapp)\u003e\u003d1,always,never)$"
                },
                "viewgroup_items": [
                  {
                    "internal_type": "OverlapLayerModule",
                    "viewgroup_items": [
                      {
                        "internal_type": "ShapeModule",
                        "shape_type": "RECT",
                        "shape_width": 180.0,
                        "shape_height": 60.0,
                        "shape_corners": 220,
                        "paint_color": "#FFE6F4EA"
                      },
                      {
                        "internal_type": "TextModule",
                        "text_size": 25.0,
                        "text_family": "kfile://org.kustom.provider/fonts/Product Sans Bold.ttf",
                        "paint_color": "#FF34A853",
                        "text_expression": "Whatsapp"
                      }
                    ]
                  }
                ]
              },
              {
                "internal_type": "OverlapLayerModule",
                "internal_toggles": {
                  "config_visible": 10
                },
                "internal_formulas": {
                  "config_visible": "$if(ni(pcount, com.facebook.orca)\u003e\u003d1,always,never)$"
                },
                "viewgroup_items": [
                  {
                    "internal_type": "OverlapLayerModule",
                    "viewgroup_items": [
                      {
                        "internal_type": "ShapeModule",
                        "shape_type": "RECT",
                        "shape_width": 180.0,
                        "shape_height": 60.0,
                        "shape_corners": 220,
                        "paint_color": "#FFD6E4FC"
                      },
                      {
                        "internal_type": "TextModule",
                        "text_size": 25.0,
                        "text_family": "kfile://org.kustom.provider/fonts/Product Sans Bold.ttf",
                        "paint_color": "#FF4285F4",
                        "text_expression": "Messenger"
                      }
                    ]
                  }
                ]
              }
            ]
          }
        ]
      },
      {
        "internal_type": "OverlapLayerModule",
        "position_offset_y": -79.0,
        "viewgroup_items": [
          {
            "internal_type": "ProgressModule",
            "style_style": "CIRCLE",
            "style_height": 7.0,
            "color_fgcolor": "#FFEA0000",
            "progress_progress": "SECS",
            "color_bgcolor": "#00FFFFFF"
          }
        ]
      },
      {
        "internal_type": "OverlapLayerModule",
        "position_offset_y": 490.0,
        "viewgroup_items": [
          {
            "internal_type": "TextModule",
            "text_expression": "$if(bi(charging) \u003d 0, Discharged, Full)$$if(bi(charging) \u003d 0 | bi(level) \u003c 100, \" in \" + tf(bi(fullempty) - dp()))$ $bi(level)$%",
            "text_size": 15.0,
            "paint_color": "#FFEA0000"
          }
        ]
      }
    ]
  }
}